Date,stock_code,report_year,report_date,future_return_1d,future_up_1d,future_category_1d,future_return_5d,future_up_5d,future_category_5d,future_return_20d,future_up_20d,future_category_20d,future_return_60d,future_up_60d,future_category_60d,future_return_120d,future_up_120d,future_category_120d
2020-12-31,A,2020,20201231,0.29078436082735554,1,above_avg,7.408513084997705,1,excellent,2.14208669091683,1,above_avg,5.531881892669709,1,above_avg,24.174236301301477,1,excellent
2021-12-31,A,2021,20211231,-1.8565059760129183,0,poor,-8.962619223582427,0,poor,-12.619164834717234,0,poor,-13.183642209211563,0,poor,-23.808057914276123,0,poor
2023-01-03,A,2022,20221231,1.0863974411293962,1,excellent,3.459083415923561,1,excellent,3.6057094965737972,1,above_avg,-10.363884895477362,0,poor,-21.867049786092345,0,poor
2024-01-02,A,2023,20231231,-5.470255398878477,0,poor,-5.816231502701714,0,poor,-6.23422816378873,0,poor,4.872063081574323,1,above_avg,-2.7684302714498084,0,below_avg
2024-12-31,A,2024,20241231,-0.677382046046408,0,below_avg,1.9800599651172888,1,above_avg,12.788453078223391,1,excellent,-12.922430416412789,0,poor,,0,
2020-12-31,AAPL,2020,20201231,-2.47193892297218,0,poor,-0.4823252387756575,0,below_avg,1.092798839094751,1,below_avg,-9.503993437296954,0,poor,0.8638741822080157,1,below_avg
2021-12-31,AAPL,2021,20211231,2.500398046742448,1,excellent,-3.041077112299194,0,poor,-1.5712201144713358,0,below_avg,0.9111838587739776,1,below_avg,-20.004015004154464,0,poor
2023-01-03,AAPL,2022,20221231,1.0314189723107954,1,above_avg,4.525478095545118,1,excellent,16.278861961757787,1,excellent,30.013502820127634,1,excellent,50.80166244949093,1,excellent
2024-01-02,AAPL,2023,20231231,-0.7487579066266616,0,below_avg,-0.26934314687358785,0,below_avg,-0.6679624045819674,0,below_avg,-7.5098058915144055,0,poor,12.91786204070866,1,above_avg
2024-12-31,AAPL,2024,20241231,-2.623588457401503,0,poor,-3.082825322059028,0,poor,-5.758324594606119,0,poor,-11.199493018605361,0,poor,,0,
2020-12-31,ABBV,2020,20201231,-1.623910730818599,0,poor,0.11197827721927284,1,below_avg,-3.409720228913682,0,poor,0.829671560481642,1,below_avg,9.6531288248456,1,below_avg
2021-12-31,ABBV,2021,20211231,0.01478032025442218,1,below_avg,-0.38403748567071105,0,below_avg,2.1495460968795324,1,above_avg,21.021339425037823,1,excellent,14.644756803594305,1,above_avg
2023-01-03,ABBV,2022,20221231,0.8067329437374466,1,above_avg,-1.687396533487919,0,poor,-8.859711927549824,0,poor,-1.822156584096497,0,below_avg,-16.80505218557924,0,poor
2024-01-02,ABBV,2023,20231231,0.4004323221283799,1,above_avg,1.5579828865769423,1,above_avg,3.848523924412186,1,above_avg,15.029303737549817,1,above_avg,8.867019608752507,1,below_avg
2024-12-31,ABBV,2024,20241231,0.9791791998624129,1,excellent,0.450193411795622,1,below_avg,4.464947977523834,1,above_avg,19.018469363394868,1,excellent,,0,
2025-04-24,ABBV,2025,20251231,,0,,,0,,,0,,,0,,,0,
2021-12-31,ABNB,2021,20211231,3.7179331962190023,1,excellent,-0.26428159462359807,0,below_avg,-7.519973487522648,0,below_avg,5.423748261974584,1,above_avg,-37.82809855184941,0,poor
2023-01-03,ABNB,2022,20221231,4.499410631529636,1,excellent,4.287396141611265,1,excellent,34.2638348822921,1,excellent,44.02826452485273,1,excellent,50.63603897658998,1,excellent
2024-01-02,ABNB,2023,20231231,-0.7882195064471449,0,below_avg,3.7552076235853598,1,above_avg,7.183227222642737,1,above_avg,22.66508919890334,1,excellent,12.217436389467215,1,above_avg
2024-12-31,ABNB,2024,20241231,0.05326235711069304,1,above_avg,-0.46419647922698404,0,below_avg,-0.18263867778375645,0,below_avg,-9.093679510399687,0,below_avg,,0,
2025-04-24,ABNB,2025,20251231,,0,,,0,,,0,,,0,,,0,
2020-12-31,ABT,2020,20201231,-0.3470595447535449,0,below_avg,1.9362555787820555,1,above_avg,12.369774245374341,1,excellent,9.811331679711351,1,above_avg,2.8055183019427865,1,below_avg
2021-12-31,ABT,2021,20211231,-1.2078917882399651,0,poor,-3.6805269376964214,0,poor,-9.11638745288043,0,poor,-14.300148276222318,0,poor,-21.647106528856185,0,poor
2023-01-03,ABT,2022,20221231,1.4874898667020524,1,excellent,3.8966727670059083,1,excellent,2.5061816592171717,1,above_avg,-9.172673737871314,0,poor,-0.6943238462304863,0,below_avg
2024-01-02,ABT,2023,20231231,-0.3004126596264186,0,below_avg,2.621757196575845,1,excellent,3.5017118914393692,1,above_avg,3.968212860884014,1,above_avg,-3.0265759896226285,0,below_avg
2024-12-31,ABT,2024,20241231,0.29174752126322334,1,above_avg,1.0078705550805,1,above_avg,13.695812150263494,1,excellent,17.8906304761413,1,excellent,,0,
2025-04-24,ABT,2025,20251231,,0,,,0,,,0,,,0,,,0,
2020-12-31,ACGL,2020,20201231,-3.2436858355559566,0,poor,1.0257858387479475,1,above_avg,-11.228162526402048,0,poor,8.5666814180404,1,above_avg,7.679519194933119,1,below_avg
2021-12-31,ACGL,2021,20211231,0.22496975674349712,1,above_avg,1.3948179068958957,1,above_avg,4.206971454192522,1,above_avg,9.246340935994041,1,above_avg,0.922378710191445,1,poor
2023-01-03,ACGL,2022,20221231,0.49632134518980964,1,above_avg,0.9766306669107327,1,above_avg,2.7537661653676566,1,above_avg,8.645542099803784,1,above_avg,13.896894900623332,1,above_avg
2024-01-02,ACGL,2023,20231231,1.8398381608500103,1,excellent,0.7941791770259603,1,above_avg,9.106553204811718,1,excellent,22.35605568790931,1,excellent,35.20846858249392,1,excellent
2024-12-31,ACGL,2024,20241231,-1.0503532612130415,0,poor,0.33568510353051373,1,below_avg,0.779643998483539,1,below_avg,4.147267887749836,1,below_avg,,0,
2025-04-24,ACGL,2025,20251231,,0,,,0,,,0,,,0,,,0,
2020-12-31,ACN,2020,20201231,-1.8184521571837475,0,poor,1.1293988021654644,1,above_avg,-4.897947764782406,0,poor,7.002750917909342,1,above_avg,12.34708276058971,1,above_avg
2021-12-31,ACN,2021,20211231,-1.7705980537507091,0,poor,-10.565659794429907,0,poor,-14.486384152894002,0,poor,-17.603843805036764,0,poor,-27.381521701276608,0,poor
2023-01-03,ACN,2022,20221231,-0.3404187742618516,0,below_avg,1.727949652982002,1,above_avg,5.365215856958005,1,above_avg,5.015986354546524,1,above_avg,12.19807081519821,1,above_avg
2024-01-02,ACN,2023,20231231,-2.5942508843596324,0,poor,-1.2020074501351063,0,below_avg,5.271744106486687,1,above_avg,0.2754718802277347,1,below_avg,-10.790563162198525,0,poor
2024-12-31,ACN,2024,20241231,-0.8442541844998884,0,poor,1.6884996139916935,1,above_avg,9.89111046246229,1,excellent,-10.922397884649968,0,poor,,0,
2020-12-31,ADBE,2020,20201231,-2.955290514996035,0,poor,-3.003277045572315,0,poor,-6.0225536693708515,0,below_avg,-6.930337519096369,0,below_avg,15.624253261485341,1,above_avg
2021-12-31,ADBE,2021,20211231,-0.47437704175708406,0,below_avg,-9.93898098864554,0,poor,-5.777168184437122,0,below_avg,-17.763554371672953,0,poor,-31.626282423379653,0,poor
2023-01-03,ADBE,2022,20221231,1.332657620630795,1,excellent,0.5283149437124979,1,above_avg,13.949898529871982,1,excellent,13.350343902440128,1,above_avg,45.21844043515536,1,excellent
2024-01-02,ADBE,2023,20231231,-1.4274189653537872,0,poor,1.056769839056039,1,above_avg,6.500943247627518,1,above_avg,-13.010498779075927,0,poor,-9.169583286466446,0,below_avg
2024-12-31,ADBE,2024,20241231,-0.8275597590162671,0,below_avg,-5.644509876075352,0,poor,-1.6258839137881835,0,below_avg,-13.751460579219085,0,poor,,0,
2025-04-24,ADBE,2025,20251231,,0,,,0,,,0,,,0,,,0,
2020-12-31,ADI,2020,20201231,-1.1575161202629134,0,poor,6.098977116849814,1,excellent,2.809183908592577,1,above_avg,3.745868102009226,1,above_avg,14.035684808948476,1,above_avg
2021-12-31,ADI,2021,20211231,0.785121136447585,1,above_avg,-3.942628900471347,0,poor,-6.713316483815146,0,poor,-2.707778091624503,0,below_avg,-14.023513584878005,0,poor
2023-01-03,ADI,2022,20221231,2.129891115087327,1,excellent,4.167423531553395,1,excellent,8.70419386899358,1,excellent,20.10699804606653,1,excellent,19.54511263420461,1,excellent
2024-01-02,ADI,2023,20231231,-2.386601699294868,0,poor,-1.97335131177954,0,below_avg,-0.6302332080247011,0,below_avg,2.6562783923964957,1,below_avg,20.025789001174562,1,excellent
2024-12-31,ADI,2024,20241231,-0.522452510235359,0,below_avg,3.756002920194315,1,excellent,-0.2682879837870212,0,below_avg,-4.665617049018279,0,poor,,0,
2020-12-31,ADM,2020,20201231,-1.07121768609293,0,poor,4.284887675667485,1,excellent,0.13887895351047136,1,below_avg,15.661067628251391,1,excellent,23.909783283647034,1,excellent
2021-12-31,ADM,2021,20211231,0.44385524031216583,1,above_avg,3.2844794610611037,1,excellent,10.963144295180996,1,excellent,30.65030649129042,1,excellent,11.349483293936045,1,above_avg
2023-01-03,ADM,2022,20221231,-3.636356338509853,0,poor,-3.8148253527805327,0,poor,-7.005009155613687,0,poor,-10.870034620106116,0,poor,-16.635083684033216,0,poor
2024-01-02,ADM,2023,20231231,0.5085126348730098,1,above_avg,-2.8724608698269614,0,poor,-23.611870033271,0,poor,-12.858710188994138,0,poor,-15.167664489100193,0,poor
2024-12-31,ADM,2024,20241231,-0.5938228768825967,0,below_avg,-1.3460025931123327,0,below_avg,1.4053825902002162,1,above_avg,-3.905244581527545,0,below_avg,,0,
2025-04-24,ADM,2025,20251231,,0,,,0,,,0,,,0,,,0,
2020-12-31,ADSK,2020,20201231,-2.7837820468805736,0,poor,4.752082904189256,1,excellent,-6.229118111544178,0,poor,-12.088165358220742,0,poor,-6.019520895805966,0,poor
2021-12-31,ADSK,2021,20211231,0.8997470597568882,1,above_avg,-6.7107631684450055,0,poor,-11.166829859755238,0,poor,-20.69419322741809,0,poor,-31.54806570064751,0,poor
2023-01-03,ADSK,2022,20221231,1.5176953335217847,1,excellent,4.472049177558247,1,excellent,20.00540630081284,1,excellent,8.890093036173592,1,above_avg,11.720233822510155,1,above_avg
2024-01-02,ADSK,2023,20231231,-2.960017435637003,0,poor,0.7859267192273259,1,above_avg,8.410218200948846,1,excellent,11.233563496950588,1,excellent,3.5921765921359228,1,below_avg
2024-12-31,ADSK,2024,20241231,-0.7612409731180586,0,below_avg,0.27065932711204416,1,below_avg,5.335449681257187,1,above_avg,-11.425387791193153,0,poor,,0,
2025-04-24,ADSK,2025,20251231,,0,,,0,,,0,,,0,,,0,
2020-12-31,AEE,2020,20201231,-2.4724792211281263,0,poor,-3.9200844820304037,0,poor,-6.687178837499444,0,poor,4.967228440570777,1,above_avg,5.537909605733544,1,above_avg
2021-12-31,AEE,2021,20211231,-0.48309854932355706,0,below_avg,-0.8650775103585631,0,below_avg,-0.303349307365813,0,below_avg,4.496880396390299,1,above_avg,0.0527633916069796,1,below_avg
2023-01-03,AEE,2022,20221231,0.5311119439807437,1,above_avg,0.7119367147593272,1,above_avg,-1.3561070042235386,0,below_avg,-1.5609540089141765,0,below_avg,-5.241592125452409,0,poor
2024-01-02,AEE,2023,20231231,-0.4459351678540834,0,below_avg,0.027037115611329376,1,below_avg,-5.986492183996326,0,poor,0.8635119784519452,1,below_avg,-3.4270645072064063,0,below_avg
2024-12-31,AEE,2024,20241231,-0.16828191500871065,0,below_avg,0.11217932278102308,1,below_avg,5.676456488551856,1,excellent,13.443346597211406,1,excellent,,0,
2025-04-24,AEE,2025,20251231,,0,,,0,,,0,,,0,,,0,
2020-12-31,AEP,2020,20201231,-2.077586347522754,0,poor,-4.911735742109189,0,poor,-2.509903489273581,0,below_avg,2.691735759280389,1,above_avg,1.263574906352571,1,below_avg
2021-12-31,AEP,2021,20211231,-0.40463783551386173,0,below_avg,2.0568645556513014,1,above_avg,1.6072841985681807,1,above_avg,11.892625092200044,1,excellent,6.958896161249307,1,above_avg
2023-01-03,AEP,2022,20221231,0.6851427529464682,1,above_avg,2.540318262695525,1,excellent,-0.2318947407475528,0,below_avg,-3.7966169884173957,0,below_avg,-10.425987895685347,0,poor
2024-01-02,AEP,2023,20231231,0.2404331149066797,1,above_avg,1.1421102885987453,1,above_avg,-6.059147663933202,0,poor,4.701934815011798,1,above_avg,6.699223511071158,1,above_avg
2024-12-31,AEP,2024,20241231,-0.3144262080732006,0,below_avg,0.03252972825570103,1,below_avg,6.646426317952877,1,excellent,19.583798158045884,1,excellent,,0,
2025-04-24,AEP,2025,20251231,,0,,,0,,,0,,,0,,,0,
2020-12-31,AES,2020,20201231,-1.1063835350854418,0,below_avg,8.170203943645134,1,excellent,6.273382356511946,1,above_avg,15.14020541919674,1,excellent,11.8460271240005,1,above_avg
2021-12-31,AES,2021,20211231,0.32922547083367676,1,above_avg,-4.938276284421401,0,poor,-8.068505412973066,0,poor,5.484955050925536,1,above_avg,-10.548719402036493,0,below_avg
2023-01-03,AES,2022,20221231,-2.9526788162663324,0,poor,-3.130564963795774,0,poor,-4.058134278027704,0,below_avg,-15.621282304026563,0,poor,-24.61292235175537,0,poor
2024-01-02,AES,2023,20231231,-2.1199655329844562,0,poor,-2.4819192632795377,0,below_avg,-12.865587505425239,0,poor,-6.335739230596163,0,below_avg,-0.3028537090895853,0,above_avg
2024-12-31,AES,2024,20241231,1.398600345788421,1,excellent,-3.6519084305047778,0,poor,-13.173984811084019,0,poor,-1.9655349753967502,0,below_avg,,0,
2025-04-24,AES,2025,20251231,,0,,,0,,,0,,,0,,,0,
2020-12-31,AFL,2020,20201231,-2.878325342120254,0,poor,0.04498138923465646,1,below_avg,2.5635314714224053,1,above_avg,17.376043276192558,1,excellent,21.096290514540065,1,above_avg
2021-12-31,AFL,2021,20211231,-0.2055065929195713,0,below_avg,6.456572902375066,1,excellent,7.5869225870434445,1,excellent,12.569629434869553,1,above_avg,-3.164612669542763,0,poor
2023-01-03,AFL,2022,20221231,0.47501314967637337,1,above_avg,0.5867769947112191,1,above_avg,2.3749648987121943,1,above_avg,-9.650007944712867,0,poor,-3.1178123600010488,0,poor
2024-01-02,AFL,2023,20231231,-0.10805693269639785,0,below_avg,-3.2780814389020017,0,poor,1.2728263447356831,1,below_avg,3.7515010521481513,1,below_avg,9.390017579720455,1,below_avg
2024-12-31,AFL,2024,20241231,-1.0440814960604223,0,poor,0.1256724932105406,1,below_avg,3.808965349874476,1,above_avg,8.093593372941728,1,above_avg,,0,
2025-04-24,AFL,2025,20251231,,0,,,0,,,0,,,0,,,0,
2020-12-31,AIG,2020,20201231,-1.9281738868247837,0,poor,7.290041306664182,1,excellent,-1.1621991751998704,0,below_avg,25.871118897223937,1,excellent,28.97774532782311,1,excellent
2021-12-31,AIG,2021,20211231,0.9321042126288934,1,above_avg,6.823783800326157,1,excellent,1.5652335089226928,1,below_avg,11.495745046040058,1,above_avg,-6.1055063439240795,0,poor
2023-01-03,AIG,2022,20221231,1.4778408981145275,1,excellent,0.8263315707230252,1,above_avg,-2.701418081274236,0,below_avg,-20.300898281571307,0,poor,-9.108621420774378,0,poor
2024-01-02,AIG,2023,20231231,-0.33410342544447885,0,below_avg,-1.4671522974970737,0,below_avg,0.9732825317471052,1,below_avg,14.094403184680266,1,above_avg,9.34255457119299,1,below_avg
2024-12-31,AIG,2024,20241231,0.24724814155832778,1,above_avg,-1.88187227467869,0,poor,1.1813235878876105,1,below_avg,20.000488620203942,1,excellent,,0,
2025-04-24,AIG,2025,20251231,,0,,,0,,,0,,,0,,,0,
2020-12-31,AIZ,2020,20201231,-3.017184489244192,0,poor,1.754506295972092,1,above_avg,-1.2700261204622927,0,below_avg,6.806752654521716,1,above_avg,15.227271931389078,1,above_avg
2021-12-31,AIZ,2021,20211231,0.26305518549180507,1,above_avg,1.8478151767983026,1,above_avg,-2.149391786630919,0,below_avg,16.814575801867775,1,excellent,11.792615997703853,1,above_avg
2023-01-03,AIZ,2022,20221231,1.390209038039378,1,excellent,-0.628337642275216,0,below_avg,3.8721296292023406,1,above_avg,-6.298018801362913,0,poor,-0.7438303389835371,0,poor
2024-01-02,AIZ,2023,20231231,0.07653344876243141,1,below_avg,-3.367480904648079,0,poor,-1.1244536825173461,0,below_avg,11.293986811993513,1,above_avg,-1.1072895270624876,0,poor
2024-12-31,AIZ,2024,20241231,-0.8488872393383048,0,poor,-3.658197667415118,0,poor,0.9239287017755168,1,below_avg,-1.2603474720681196,0,below_avg,,0,
2025-04-24,AIZ,2025,20251231,,0,,,0,,,0,,,0,,,0,
2020-12-31,AJG,2020,20201231,-2.8049301842326972,0,poor,-2.311858790461227,0,poor,-6.887056683733935,0,poor,1.9531580560962782,1,below_avg,14.264839847563815,1,above_avg
2021-12-31,AJG,2021,20211231,-1.7445509270192106,0,poor,-2.540228824309142,0,poor,-6.913418263510311,0,poor,2.14928570120834,1,below_avg,-1.9797710678854992,0,poor
2023-01-03,AJG,2022,20221231,1.3243629946315614,1,excellent,2.8943581254296755,1,excellent,4.816831543507039,1,above_avg,1.5845253418614966,1,below_avg,13.937293567602058,1,below_avg
2024-01-02,AJG,2023,20231231,0.008897849195166233,1,below_avg,0.5066701307497123,1,below_avg,3.182228705572021,1,above_avg,11.401181604210917,1,above_avg,16.07090722072801,1,above_avg
2024-12-31,AJG,2024,20241231,-2.8043041951834926,0,poor,0.581284373152618,1,below_avg,6.330800068250797,1,excellent,21.860678750734643,1,excellent,,0,
2025-04-24,AJG,2025,20251231,,0,,,0,,,0,,,0,,,0,
2020-12-31,AKAM,2020,20201231,0.23811792083698216,1,above_avg,-1.4572805128371704,0,below_avg,6.343464899152686,1,excellent,-3.6289147881852877,0,below_avg,10.324796826218318,1,excellent
2021-12-31,AKAM,2021,20211231,0.4015731519366139,1,above_avg,-5.55365682600372,0,poor,-2.127475943516667,0,below_avg,2.8878992028182346,1,above_avg,-19.29255096926359,0,poor
2023-01-03,AKAM,2022,20221231,1.0474277708161162,1,excellent,2.848061826737593,1,excellent,5.42544491482051,1,above_avg,-9.90937748379573,0,poor,5.1547571972386566,1,above_avg
2024-01-02,AKAM,2023,20231231,-0.4876794218161654,0,below_avg,-1.009582762581109,0,below_avg,5.432928005420473,1,above_avg,-6.94729235797449,0,below_avg,-24.49520698682317,0,poor
2025-04-24,AKAM,2025,20251231,,0,,,0,,,0,,,0,,,0,
2020-12-31,ALB,2020,20201231,3.4639362826791182,1,excellent,24.796634311093122,1,excellent,12.777910763661163,1,excellent,-1.1908723679336655,0,below_avg,13.048455947399,1,above_avg
2021-12-31,ALB,2021,20211231,1.2405380725013058,1,above_avg,0.9624776841412386,1,above_avg,-5.573856719784823,0,below_avg,-4.632568907520997,0,below_avg,-3.492058400126097,0,below_avg
2023-01-03,ALB,2022,20221231,4.22845439972236,1,excellent,4.382289257310252,1,above_avg,33.2867180421695,1,excellent,3.89547407633867,1,above_avg,6.245403567168961,1,above_avg
2024-01-02,ALB,2023,20231231,-4.568055921990296,0,poor,-8.99995194356456,0,poor,-21.887133785827636,0,poor,-10.027733761406905,0,below_avg,-36.40740166703849,0,poor
2025-04-24,ALB,2025,20251231,,0,,,0,,,0,,,0,,,0,
2020-12-31,ALGN,2020,20201231,-1.4820881840242268,0,below_avg,6.764853490727083,1,excellent,1.6224377467224926,1,above_avg,-1.8806818558214347,0,below_avg,15.53389142691235,1,above_avg
2021-12-31,ALGN,2021,20211231,-1.389270060647871,0,below_avg,-16.76709633121292,0,poor,-24.68425743763233,0,poor,-31.078242264008864,0,poor,-60.62722497888734,0,poor
2023-01-03,ALGN,2022,20221231,5.81779073607197,1,excellent,9.407387099839548,1,excellent,33.09308479553812,1,excellent,46.90503481099961,1,excellent,60.490863199794255,1,excellent
2024-01-02,ALGN,2023,20231231,-4.722598383494453,0,poor,3.197967855318634,1,above_avg,-0.5949747224542614,0,below_avg,21.939609197533674,1,excellent,-12.527895291530125,0,below_avg
2024-12-31,ALGN,2024,20241231,-0.009586597380692783,0,above_avg,3.2900104508547474,1,above_avg,5.083692092835438,1,above_avg,-23.811805287279224,0,poor,,0,
2025-04-24,ALGN,2025,20251231,,0,,,0,,,0,,,0,,,0,
2020-12-31,ALL,2020,20201231,-1.6828684506937654,0,poor,0.018187359978215394,1,below_avg,-1.1097770791301012,0,below_avg,7.318196024309638,1,above_avg,18.84676201557104,1,above_avg
2021-12-31,ALL,2021,20211231,0.526985797697193,1,above_avg,7.054818958081882,1,excellent,2.5669160568047045,1,above_avg,19.48916577727853,1,excellent,9.540301165120175,1,above_avg
2023-01-03,ALL,2022,20221231,1.682996671828398,1,excellent,3.3660051481953577,1,excellent,-6.21981727046488,0,poor,-19.630587589794175,0,poor,-19.299830321562712,0,poor
2024-01-02,ALL,2023,20231231,0.8274759148649877,1,above_avg,4.985746782071374,1,excellent,7.954934030217801,1,excellent,21.002411915548663,1,excellent,13.47324003921336,1,above_avg
2024-12-31,ALL,2024,20241231,-0.43569939915243244,0,below_avg,-0.5135008746998526,0,below_avg,-0.23859066138890392,0,below_avg,7.944794599252402,1,above_avg,,0,
2025-04-24,ALL,2025,20251231,,0,,,0,,,0,,,0,,,0,
2020-12-31,ALLE,2020,20201231,-1.6325966196965525,0,poor,3.0933169222387358,1,excellent,-5.207089714675901,0,poor,7.985037057154101,1,above_avg,19.872110842437575,1,excellent
2021-12-31,ALLE,2021,20211231,-2.325595244611853,0,poor,-4.38691269713611,0,poor,-7.331630431683403,0,poor,-12.811174858973445,0,poor,-24.21287818570715,0,poor
2023-01-03,ALLE,2022,20221231,1.4298936543727647,1,excellent,4.029729532990766,1,excellent,11.467046069462459,1,excellent,-2.0539291050590256,0,below_avg,11.379533180788735,1,above_avg
2024-01-02,ALLE,2023,20231231,-2.205225611154886,0,poor,-0.16095490769092669,0,below_avg,-0.2897437687635272,0,below_avg,8.811925873470242,1,above_avg,-5.8166747289574205,0,below_avg
2024-12-31,ALLE,2024,20241231,-1.5993225234570858,0,poor,-1.74472134228147,0,below_avg,1.5687221188986338,1,above_avg,0.24067628535475188,1,above_avg,,0,
2025-04-24,ALLE,2025,20251231,,0,,,0,,,0,,,0,,,0,
2020-12-31,AMAT,2020,20201231,0.6604701536107274,1,above_avg,10.730003887058551,1,excellent,17.276935469789457,1,excellent,47.16171895018454,1,excellent,60.79325676417354,1,excellent
2021-12-31,AMAT,2021,20211231,1.6331834525734452,1,above_avg,-4.162438736164565,0,poor,-12.188622272348766,0,poor,-9.954878128843177,0,poor,-37.866024041185185,0,poor
2023-01-03,AMAT,2022,20221231,2.6672175324563066,1,excellent,11.692335452499444,1,excellent,23.033180363006938,1,excellent,26.533619927210772,1,excellent,52.25035724391596,1,excellent
2024-01-02,AMAT,2023,20231231,-1.8915689007768786,0,poor,-2.1636316381565592,0,below_avg,6.4326043147624485,1,above_avg,33.82102868830075,1,excellent,52.29309807548164,1,excellent
2024-12-31,AMAT,2024,20241231,0.7624585665831611,1,above_avg,8.829856454434596,1,excellent,10.895896574141636,1,excellent,-10.561241239701186,0,poor,,0,
2020-12-31,AMCR,2020,20201231,-3.3135222685095327,0,poor,-2.2939694069378107,0,poor,-7.476642483743891,0,poor,0.7864732373016106,1,below_avg,-0.11504338462269126,0,below_avg
2021-12-31,AMCR,2021,20211231,-1.0824240354085546,0,poor,0.9159150333683412,1,above_avg,0.0,0,below_avg,-2.68057590285641,0,below_avg,5.353693695891737,1,above_avg
2023-01-03,AMCR,2022,20221231,0.9228105350146543,1,excellent,1.6778462839016732,1,above_avg,1.2583869498041031,1,above_avg,-5.517912380957835,0,poor,-13.557662952972239,0,poor
2024-01-02,AMCR,2023,20231231,-1.5384365518423937,0,poor,0.20515055427088474,1,below_avg,-3.2820340690469822,0,below_avg,-1.1090727351113325,0,below_avg,4.029748235866605,1,above_avg
2024-12-31,AMCR,2024,20241231,-0.6376172853454851,0,below_avg,1.487780507119909,1,above_avg,3.294369656912561,1,above_avg,4.376422629820856,1,above_avg,,0,
2020-12-31,AMD,2020,20201231,0.643336575264506,1,above_avg,3.1294327502266315,1,above_avg,-4.41608926266905,0,below_avg,-17.13008313303157,0,poor,-6.117109002677318,0,below_avg
2021-12-31,AMD,2021,20211231,4.405845632794415,1,excellent,-8.269627797930786,0,poor,-20.60458315086055,0,poor,-14.364135800047292,0,poor,-39.48575015667034,0,poor
2023-01-03,AMD,2022,20221231,0.999698613874082,1,above_avg,6.2949181818300985,1,excellent,32.2086907650834,1,excellent,52.88972568857315,1,excellent,72.43049855986531,1,excellent
2024-01-02,AMD,2023,20231231,-2.352427813365347,0,poor,7.706734402270694,1,excellent,21.005917322645207,1,excellent,30.242461472328884,1,excellent,15.63717555391837,1,above_avg
2024-12-31,AMD,2024,20241231,-0.13246432725939886,0,below_avg,0.8692734617144177,1,above_avg,-4.006957472142036,0,below_avg,-14.943292420687046,0,poor,,0,
2025-04-24,AMD,2025,20251231,,0,,,0,,,0,,,0,,,0,
2020-12-31,AME,2020,20201231,-2.116748510341357,0,poor,2.1498232124744807,1,excellent,-5.010752520811121,0,poor,5.5477170673245295,1,above_avg,10.836984521039401,1,above_avg
2021-12-31,AME,2021,20211231,-2.2918785394080383,0,poor,-3.1691867660137087,0,poor,-6.9844813456025205,0,poor,-7.370345546216278,0,poor,-22.538090437704035,0,poor
2023-01-03,AME,2022,20221231,0.2348544967786991,1,above_avg,1.6296550335574909,1,above_avg,3.2949057700193594,1,above_avg,1.8247260976783557,1,below_avg,13.955355935539378,1,above_avg
2024-01-02,AME,2023,20231231,-1.3937311189233228,0,poor,0.07983579873860759,1,below_avg,-0.5034481547097455,0,below_avg,12.47277337645644,1,excellent,3.9202087801055954,1,below_avg
2024-12-31,AME,2024,20241231,-1.0706696949604315,0,poor,-1.0041010523866385,0,below_avg,2.385447026243055,1,above_avg,-4.3330843863969655,0,poor,,0,
2025-04-24,AME,2025,20251231,,0,,,0,,,0,,,0,,,0,
2020-12-31,AMGN,2020,20201231,-1.4178827999537373,0,poor,3.727383902484344,1,excellent,4.571146878312095,1,above_avg,9.432421415069118,1,above_avg,6.318897734835227,1,above_avg
2021-12-31,AMGN,2021,20211231,0.7645308336610696,1,above_avg,1.0312132988322464,1,above_avg,0.964563357930031,1,above_avg,8.285982303218962,1,above_avg,10.886833663174732,1,above_avg
2023-01-03,AMGN,2022,20221231,1.0472070332829158,1,excellent,4.674193935894617,1,excellent,-5.824558826579685,0,poor,-6.887156195045427,0,poor,-13.360571803589997,0,poor
2024-01-02,AMGN,2023,20231231,1.109636261617104,1,excellent,3.318880281949068,1,excellent,5.6726796831163595,1,excellent,-3.6475189046871264,0,below_avg,8.978707282281043,1,above_avg
2024-12-31,AMGN,2024,20241231,-0.5218004049713151,0,below_avg,1.3696906531416555,1,above_avg,9.50735965430487,1,excellent,20.49838265244998,1,excellent,,0,
2025-04-24,AMGN,2025,20251231,,0,,,0,,,0,,,0,,,0,
2020-12-31,AMP,2020,20201231,-3.20075782374454,0,poor,3.7153406933422506,1,excellent,3.349975776633365,1,above_avg,20.3784065892929,1,excellent,27.460803638306025,1,above_avg
2021-12-31,AMP,2021,20211231,0.8619083229822908,1,above_avg,5.8575792220161755,1,excellent,0.8784593609300897,1,below_avg,3.868350684284965,1,below_avg,-16.68226099721864,0,poor
2023-01-03,AMP,2022,20221231,0.7145988232178849,1,above_avg,2.9324453015949477,1,above_avg,14.121547771034857,1,excellent,-2.884428499063363,0,poor,5.853340588123113,1,below_avg
2024-01-02,AMP,2023,20231231,0.39839205995302485,1,above_avg,-0.823146073705764,0,below_avg,2.0578938296659306,1,below_avg,16.074637148698933,1,above_avg,16.40621176350422,1,below_avg
2024-12-31,AMP,2024,20241231,-0.46390758310781877,0,below_avg,0.46955167516882274,1,below_avg,2.052851691882692,1,below_avg,-8.82483106232388,0,poor,,0,
2025-04-24,AMP,2025,20251231,,0,,,0,,,0,,,0,,,0,
2020-12-31,AMT,2020,20201231,-2.1652062307671485,0,poor,-1.0068622300365024,0,below_avg,4.94965190403169,1,above_avg,5.65356592949986,1,above_avg,18.858989673182336,1,excellent
2021-12-31,AMT,2021,20211231,-2.0922913213888363,0,poor,-8.8615410894083,0,poor,-14.017089232871527,0,poor,-14.341885066916573,0,poor,-9.532945852741987,0,below_avg
2023-01-03,AMT,2022,20221231,2.017050018951361,1,excellent,3.3912478040440757,1,excellent,5.808923543535992,1,excellent,-6.284052209371664,0,below_avg,-11.18118045181853,0,poor
2024-01-02,AMT,2023,20231231,-1.8829188971904938,0,poor,-3.176285314179026,0,poor,-10.584525964696635,0,poor,-9.697918411984551,0,poor,-10.413326408396571,0,below_avg
2024-12-31,AMT,2024,20241231,-1.2976404957981,0,poor,-2.3008556795918493,0,below_avg,0.8396418380373077,1,above_avg,18.64129693087552,1,excellent,,0,
2025-04-24,AMT,2025,20251231,,0,,,0,,,0,,,0,,,0,
2020-12-31,AMZN,2020,20201231,-2.158474062030444,0,poor,-2.2791414940423382,0,below_avg,2.638988679861938,1,above_avg,-6.191106928323284,0,poor,5.899726657064245,1,below_avg
2021-12-31,AMZN,2021,20211231,2.211832089888628,1,excellent,-2.497042595322244,0,poor,-10.282991021845667,0,poor,1.5583337490098128,1,below_avg,-30.145094735339168,0,poor
2023-01-03,AMZN,2022,20221231,-0.7923564525680042,0,below_avg,4.719183251176435,1,excellent,22.523889419473484,1,excellent,18.853414545224698,1,excellent,50.524345298467836,1,excellent
2024-01-02,AMZN,2023,20231231,-0.9737821159208012,0,below_avg,0.960449884447209,1,above_avg,3.5149766757190144,1,above_avg,20.30948689024378,1,excellent,24.28466980642414,1,above_avg
2024-12-31,AMZN,2024,20241231,0.37832254586069786,1,above_avg,1.248919960247443,1,above_avg,8.336748865953913,1,excellent,-13.277726862597799,0,poor,,0,
2025-04-24,AMZN,2025,20251231,,0,,,0,,,0,,,0,,,0,
2020-12-31,ANET,2020,20201231,-2.5501612263241173,0,poor,5.351546064979114,1,excellent,8.820595462977181,1,above_avg,2.8530054094997395,1,below_avg,25.098940302674038,1,below_avg
2021-12-31,ANET,2021,20211231,-1.0504309612771738,0,below_avg,-9.926959493885871,0,poor,-13.523479959239129,0,poor,-2.0521717900815215,0,poor,-30.560000212296195,0,poor
2023-01-03,ANET,2022,20221231,-5.847330336682754,0,poor,-4.697709149897059,0,poor,7.948060804966407,1,above_avg,34.38921559150111,1,excellent,29.129104419786174,1,above_avg
2024-01-02,ANET,2023,20231231,-0.9328051843508979,0,below_avg,5.890481747045702,1,excellent,11.711865349422055,1,excellent,25.228888427912434,1,excellent,44.467957465169555,1,excellent
2024-12-31,ANET,2024,20241231,1.1399639465720115,1,above_avg,4.505567187128556,1,excellent,4.252243399569336,1,above_avg,-29.9013804282732,0,poor,,0,
2025-04-24,ANET,2025,20251231,,0,,,0,,,0,,,0,,,0,
2020-12-31,ANSS,2020,20201231,-1.6849847638595359,0,poor,2.9851611417097796,1,excellent,1.1379919701353862,1,above_avg,-8.771295826070938,0,poor,-6.115998006207199,0,below_avg
2021-12-31,ANSS,2021,20211231,-1.4035712383691294,0,poor,-9.73275055348869,0,poor,-15.234838974733528,0,poor,-18.316215126408448,0,poor,-35.94185896119112,0,poor
2023-01-03,ANSS,2022,20221231,1.8018785881476727,1,excellent,4.089840149094175,1,excellent,14.98073053562864,1,excellent,36.624207751764104,1,excellent,35.48441508177589,1,excellent
2024-01-02,ANSS,2023,20231231,-2.7705378978178117,0,poor,0.2691252711136685,1,above_avg,-7.1303154186216355,0,poor,-1.6543898974194404,0,below_avg,-8.107647341979462,0,poor
2024-12-31,ANSS,2024,20241231,-0.37648269179289445,0,below_avg,1.8201805036156,1,above_avg,3.904192912571971,1,above_avg,-6.157172454403889,0,poor,,0,
2025-04-24,ANSS,2025,20251231,,0,,,0,,,0,,,0,,,0,
2020-12-31,AON,2020,20201231,-3.1807467917405345,0,poor,-2.863620748371558,0,poor,-1.9542419222506144,0,below_avg,10.099863852504644,1,above_avg,13.372851131246335,1,above_avg
2021-12-31,AON,2021,20211231,-2.435444804688267,0,poor,-5.915609399609374,0,poor,-7.851051761712172,0,poor,8.6626553523336,1,above_avg,-9.258001780073139,0,poor
2023-01-03,AON,2022,20221231,1.102140563463797,1,excellent,2.6417614449215017,1,excellent,6.8546453365929825,1,excellent,4.72009844394487,1,above_avg,11.832244741273461,1,above_avg
2024-01-02,AON,2023,20231231,0.9964702247063756,1,excellent,2.069303520073647,1,above_avg,3.828036818389877,1,above_avg,16.105919329312776,1,excellent,2.1215086359613116,1,below_avg
2024-12-31,AON,2024,20241231,-1.163824655630003,0,poor,-1.8682457363461753,0,poor,3.2464649580187874,1,above_avg,11.117605598797855,1,excellent,,0,
2025-04-24,AON,2025,20251231,,0,,,0,,,0,,,0,,,0,
2020-12-31,AOS,2020,20201231,-1.6417260340666908,0,poor,2.444383981698787,1,above_avg,2.7093043016160405,1,above_avg,26.833064875742807,1,excellent,24.717339580528204,1,excellent
2021-12-31,AOS,2021,20211231,-2.655773609432162,0,poor,-3.145017614724065,0,poor,-10.654443194198155,0,poor,-21.10655083541281,0,poor,-34.4468404097807,0,poor
2023-01-03,AOS,2022,20221231,2.953148497772228,1,excellent,1.5953737326775586,1,above_avg,19.33034573097626,1,excellent,15.81663121391705,1,excellent,23.820813354404756,1,excellent
2024-01-02,AOS,2023,20231231,-3.3521728531041766,0,poor,-1.9646399257237137,0,below_avg,-4.327891074713723,0,poor,10.279944445868974,1,above_avg,2.6248905928822897,1,below_avg
2024-12-31,AOS,2024,20241231,-1.290136399595245,0,poor,0.6890410523086394,1,above_avg,-0.8331964627007572,0,below_avg,-3.691797239001756,0,below_avg,,0,
2025-04-24,AOS,2025,20251231,,0,,,0,,,0,,,0,,,0,
2020-12-31,APA,2020,20201231,4.087388009921233,1,excellent,16.84284367768419,1,excellent,6.70660265130218,1,above_avg,25.831921486597874,1,excellent,57.327211296371026,1,excellent
2021-12-31,APA,2021,20211231,4.351034723270424,1,excellent,10.338402299578659,1,excellent,23.981754264673366,1,excellent,52.91457121164063,1,excellent,36.462342091760384,1,excellent
2023-01-03,APA,2022,20221231,-3.370025974619521,0,poor,-0.8711685531908412,0,below_avg,0.04949269511433403,1,above_avg,-18.438904419493916,0,poor,-23.98887985405463,0,poor
2024-01-02,APA,2023,20231231,1.7723401568616446,1,above_avg,-8.695663154350175,0,poor,-12.524535237747813,0,poor,-4.008721395198743,0,below_avg,-18.401015812439496,0,below_avg
2024-12-31,APA,2024,20241231,1.255952948667602,1,above_avg,2.555215497505455,1,above_avg,-4.011280182226161,0,below_avg,-7.994388759325904,0,below_avg,,0,
2025-04-24,APA,2025,20251231,,0,,,0,,,0,,,0,,,0,
2020-12-31,APD,2020,20201231,-1.8373614146730701,0,poor,4.582385476604665,1,excellent,-1.5628422815964633,0,below_avg,3.436804595308543,1,above_avg,6.68216691199429,1,above_avg
2021-12-31,APD,2021,20211231,-2.777218346382275,0,poor,-2.251368567672035,0,poor,-7.276666061427854,0,poor,-17.06436338988486,0,poor,-16.61622344269639,0,poor
2024-01-02,APD,2023,20231231,-0.9543889674479593,0,poor,-1.967320707428143,0,below_avg,-6.4943114729080325,0,poor,-10.759162249351869,0,poor,-1.6166519205118475,0,below_avg
2024-12-31,APD,2024,20241231,-1.7275449985136389,0,poor,-1.0476211879835533,0,below_avg,16.30070364381689,1,excellent,2.3068691412942304,1,above_avg,,0,
2020-12-31,APH,2020,20201231,-1.720584648893845,0,poor,3.509955239293136,1,excellent,-3.9305731262152728,0,poor,0.5402395326349052,1,below_avg,4.5244323822524,1,below_avg
2021-12-31,APH,2021,20211231,-1.097628918288566,0,poor,-6.105636310170757,0,poor,-8.998387710563414,0,poor,-11.317008752634294,0,poor,-24.269379546050793,0,poor
2023-01-03,APH,2022,20221231,1.479046702411961,1,excellent,3.7958010802723137,1,excellent,6.204182603263334,1,excellent,5.865412012140266,1,below_avg,8.216716503267474,1,below_avg
2024-01-02,APH,2023,20231231,-1.8072884228927606,0,poor,-1.0120853406393777,0,below_avg,4.409779928038905,1,above_avg,19.366554039251827,1,excellent,40.876884645086626,1,excellent
2024-12-31,APH,2024,20241231,-0.6335419734498752,0,below_avg,3.426933188537166,1,excellent,1.915043124953879,1,above_avg,-5.313307112891448,0,poor,,0,
2025-04-24,APH,2025,20251231,,0,,,0,,,0,,,0,,,0,
2024-01-02,APO,2023,20231231,0.919747633758266,1,above_avg,4.741054050701287,1,excellent,9.931026367209835,1,excellent,23.590902292724333,1,excellent,30.732212576632527,1,excellent
2024-12-31,APO,2024,20241231,0.42382456642619,1,above_avg,-1.9254072839751526,0,below_avg,3.523847775602014,1,above_avg,-16.85000062539695,0,poor,,0,
2025-04-24,APO,2025,20251231,,0,,,0,,,0,,,0,,,0,
2020-12-31,APTV,2020,20201231,-0.5986636115514274,0,below_avg,11.720013093351026,1,excellent,6.508566600126366,1,above_avg,5.372630563137064,1,above_avg,19.06517221328577,1,excellent
2021-12-31,APTV,2021,20211231,0.6547449839563011,1,above_avg,2.740226951249486,1,above_avg,-17.19914861598294,0,poor,-23.5283408770062,0,poor,-41.13974044609688,0,poor
2023-01-03,APTV,2022,20221231,3.1522328148190346,1,excellent,7.19742082953642,1,excellent,23.4534736605713,1,excellent,18.235616066856974,1,excellent,8.165685009663353,1,above_avg
2024-01-02,APTV,2023,20231231,-6.299213064786311,0,poor,-8.772314731441416,0,poor,-9.803700252192234,0,poor,-11.666848016738133,0,below_avg,-18.642561716700953,0,poor
2024-12-31,APTV,2024,20241231,-0.2976195544612689,0,below_avg,0.5291000285156192,1,above_avg,3.2076697112971746,1,above_avg,-1.6203696257503168,0,below_avg,,0,
2025-04-24,APTV,2025,20251231,,0,,,0,,,0,,,0,,,0,
2020-12-31,ARE,2020,20201231,-4.180235088985029,0,poor,-6.907203568081196,0,poor,-4.859163209264438,0,below_avg,-6.100089376432747,0,below_avg,3.8450308677953466,1,above_avg
2021-12-31,ARE,2021,20211231,-1.4038274622265408,0,poor,-6.261222759315727,0,poor,-12.612137603715764,0,poor,-9.113739376648617,0,poor,-35.257824053739505,0,poor
2023-01-03,ARE,2022,20221231,1.929070457239535,1,excellent,2.4633730198748904,1,excellent,13.295388627600472,1,excellent,-13.113980985539397,0,poor,-18.790512798266885,0,poor
2024-01-02,ARE,2023,20231231,-3.062400657838034,0,poor,-0.7501335419226429,0,below_avg,-6.503754707791232,0,poor,0.720669132724135,1,above_avg,-9.155288460574816,0,below_avg
2024-12-31,ARE,2024,20241231,-0.05126281471236438,0,below_avg,-0.16402673216210278,0,below_avg,-0.20502746732035215,0,above_avg,-3.8388345957383025,0,below_avg,,0,
2025-04-24,ARE,2025,20251231,,0,,,0,,,0,,,0,,,0,
2020-12-31,ATO,2020,20201231,-1.4670465740326566,0,poor,-6.465483447583531,0,poor,-7.10467506369573,0,poor,4.321632109159297,1,above_avg,3.470818592151544,1,below_avg
2021-12-31,ATO,2021,20211231,0.22908463529398548,1,above_avg,0.49633949523378496,1,above_avg,2.338462224886623,1,above_avg,14.487771802654322,1,excellent,5.583793610866071,1,above_avg
2023-01-03,ATO,2022,20221231,0.665479125771315,1,above_avg,2.78778788679197,1,excellent,6.987418097785804,1,excellent,1.3067192105272345,1,below_avg,6.738286136170321,1,above_avg
2024-01-02,ATO,2023,20231231,0.9321731824158948,1,excellent,1.2229564580962657,1,above_avg,-2.557084651597334,0,poor,2.380861754086801,1,above_avg,1.0792726153672862,1,below_avg
2024-12-31,ATO,2024,20241231,-0.7036760555526536,0,poor,0.17950604925137306,1,below_avg,2.32640456954143,1,above_avg,11.639505480615352,1,excellent,,0,
2020-12-31,AWK,2020,20201231,-2.104659459605003,0,poor,2.287095949056934,1,above_avg,5.245347944910406,1,above_avg,-3.9916100109048314,0,below_avg,1.580775185449454,1,above_avg
2021-12-31,AWK,2021,20211231,-2.4991922211653153,0,poor,-8.132997711473047,0,poor,-14.857548364274823,0,poor,-12.591238026215605,0,poor,-20.8011354199695,0,poor
2023-01-03,AWK,2022,20221231,1.9922052052117594,1,excellent,4.328357107571764,1,excellent,2.9331555656994523,1,above_avg,-4.930110525862312,0,below_avg,-6.445323928610663,0,poor
2024-01-02,AWK,2023,20231231,0.0,0,below_avg,-0.5767233953062316,0,below_avg,-7.108083795852174,0,poor,-7.931749203363539,0,poor,-1.9843163887632975,0,below_avg
2024-12-31,AWK,2024,20241231,-0.5060657155308328,0,below_avg,-1.5101621061697086,0,below_avg,0.1204886069231709,1,below_avg,19.235202282913466,1,excellent,,0,
2025-04-24,AWK,2025,20251231,,0,,,0,,,0,,,0,,,0,
2020-12-31,AXP,2020,20201231,-2.373670861053641,0,poor,1.072720813037015,1,above_avg,-2.8696044738940483,0,below_avg,19.091156793317474,1,excellent,40.02744761245841,1,excellent
2021-12-31,AXP,2021,20211231,2.8178656134041375,1,excellent,6.8567835584727845,1,excellent,10.190303259870165,1,excellent,17.00442707090778,1,excellent,-10.187815099852788,0,poor
2023-01-03,AXP,2022,20221231,2.324635289840581,1,excellent,3.675149836096936,1,excellent,18.414750001097936,1,excellent,10.775527193940766,1,above_avg,15.142901427541435,1,above_avg
2024-01-02,AXP,2023,20231231,-1.0567613926869093,0,poor,-0.49736933251966814,0,below_avg,6.945226039484751,1,excellent,21.3029638303838,1,excellent,23.228554699741053,1,above_avg
2024-12-31,AXP,2024,20241231,0.5525785707349896,1,above_avg,2.28177019138705,1,above_avg,7.212641511911887,1,excellent,-9.133533513286404,0,poor,,0,
2025-04-24,AXP,2025,20251231,,0,,,0,,,0,,,0,,,0,
2020-12-31,GOOG,2020,20201231,-1.349400896841051,0,poor,3.1583275991058715,1,excellent,8.531970385570242,1,excellent,17.333390391193767,1,excellent,45.30903438584958,1,excellent
2021-12-31,GOOG,2021,20211231,0.272999373318987,1,above_avg,-5.304832522307365,0,poor,-6.207501140720511,0,poor,-0.9880451642669326,0,below_avg,-18.068562548042188,0,poor
2023-01-03,GOOG,2022,20221231,-1.1036741310026472,0,poor,-0.5128214769555929,0,below_avg,13.076934843753484,1,excellent,12.954303435226219,1,above_avg,32.67558745358487,1,excellent
2024-01-02,GOOG,2023,20231231,0.573234112779544,1,above_avg,2.149611444996626,1,above_avg,1.6050599098964997,1,below_avg,9.100033867631936,1,above_avg,33.12638888324367,1,excellent
2024-12-31,GOOG,2024,20241231,0.0997716034037855,1,below_avg,2.59924358717979,1,above_avg,7.960519386678172,1,excellent,-17.870202742989136,0,poor,,0,
2025-04-24,GOOG,2025,20251231,,0,,,0,,,0,,,0,,,0,
2020-12-31,GOOGL,2020,20201231,-1.5125729030501733,0,poor,2.578387044372065,1,above_avg,8.012483806733513,1,excellent,16.764996283498267,1,excellent,39.78911159906325,1,excellent
2021-12-31,GOOGL,2021,20211231,0.09628643632436241,1,below_avg,-5.408986084879399,0,poor,-6.591911050257774,0,poor,-1.6199449356319298,0,below_avg,-18.554815422595528,0,poor
2023-01-03,GOOGL,2022,20221231,-1.16695503999594,0,poor,-0.7854506731076495,0,below_avg,12.690757559531566,1,excellent,13.206913562406267,1,above_avg,32.77604381038153,1,excellent
2024-01-02,GOOGL,2023,20231231,0.5428192981753376,1,above_avg,2.0120232715784234,1,above_avg,1.3968339849998164,1,below_avg,9.234996404247969,1,above_avg,33.34385631283897,1,excellent
2024-12-31,GOOGL,2024,20241231,0.06866696353218535,1,below_avg,2.4564115285609858,1,above_avg,7.776015127552376,1,excellent,-18.21548369415836,0,poor,,0,
2025-04-24,GOOGL,2025,20251231,,0,,,0,,,0,,,0,,,0,
2020-12-31,LNT,2020,20201231,-2.018222970761141,0,poor,-4.230543296543966,0,poor,-4.2187130704097475,0,poor,5.97579506816498,1,above_avg,11.208395089069866,1,excellent
2021-12-31,LNT,2021,20211231,-1.0086265616693249,0,poor,-0.7808623515860358,0,below_avg,-1.9064895113414848,0,below_avg,1.9281078327130958,1,below_avg,-5.403133583643452,0,poor
2023-01-03,LNT,2022,20221231,0.7585261203865761,1,above_avg,-0.7224196775192055,0,below_avg,-0.3079487342201161,0,below_avg,-3.640740446054014,0,poor,-3.001346199118308,0,below_avg
2024-12-31,LNT,2024,20241231,-1.0652709756207526,0,poor,-1.5894423279768564,0,below_avg,0.4183403827675927,1,below_avg,9.74728147388118,1,excellent,,0,
2025-04-24,LNT,2025,20251231,,0,,,0,,,0,,,0,,,0,
2020-12-31,MMM,2020,20201231,-1.6705857794151988,0,poor,-4.674204355316271,0,poor,-0.05150026161810986,0,below_avg,12.27411139607496,1,excellent,12.29841600325283,1,above_avg
2021-12-31,MMM,2021,20211231,0.06192418420437343,1,above_avg,1.3060759858391529,1,above_avg,-6.5360716638995235,0,poor,-13.556218279206748,0,poor,-22.873877299425395,0,poor
2023-01-03,MMM,2022,20221231,2.188289508804298,1,excellent,4.621540599519196,1,excellent,-5.397246798752699,0,poor,-14.966250623022134,0,poor,-17.47007871253621,0,poor
2024-01-02,MMM,2023,20231231,-2.009079472205868,0,poor,-0.8181771606268241,0,below_avg,-14.227269363483009,0,poor,-1.971077273494907,0,below_avg,13.582560251080164,1,above_avg
2024-12-31,MMM,2024,20241231,0.47254177250975976,1,above_avg,4.214116147562843,1,excellent,17.902242853995034,1,excellent,14.326778535169208,1,excellent,,0,
2025-04-24,MMM,2025,20251231,,0,,,0,,,0,,,0,,,0,
2020-12-31,MO,2020,20201231,-0.39025933779155114,0,below_avg,1.4390278910455065,1,above_avg,-0.5609525362909803,0,below_avg,27.18996574783885,1,excellent,19.756424726798237,1,excellent
2021-12-31,MO,2021,20211231,1.2238557998473503,1,excellent,5.022130421333298,1,excellent,7.364433044285219,1,excellent,10.928447983107665,1,excellent,-5.03179711377781,0,poor
2023-01-03,MO,2022,20221231,-0.2416681308012331,0,below_avg,1.0325029786461448,1,above_avg,4.43760148272183,1,above_avg,-0.1622106093380986,0,below_avg,1.5651716454318294,1,below_avg
2024-01-02,MO,2023,20231231,-0.43290394522195647,0,below_avg,0.6733869802249559,1,above_avg,-3.5113139702164924,0,poor,7.244328309240575,1,above_avg,16.626655463326895,1,excellent
2024-12-31,MO,2024,20241231,0.4207283440313293,1,above_avg,-1.5299239516306853,0,poor,-0.11474206837097381,0,below_avg,16.85037404057621,1,excellent,,0,
2020-12-31,T,2020,20201231,2.364421816169841,1,excellent,3.2814375669232914,1,excellent,1.9646081013591752,1,above_avg,9.367271411345062,1,above_avg,4.795531418711477,1,above_avg
2021-12-31,T,2021,20211231,3.3740061025145685,1,excellent,9.764279180446367,1,excellent,6.465940420523383,1,excellent,0.16146076543699506,1,below_avg,17.703010957659806,1,excellent
2023-01-03,T,2022,20221231,2.1344716174628715,1,excellent,5.395686340708492,1,excellent,9.2390715397882,1,excellent,3.284517124431753,1,above_avg,-13.038301403692262,0,poor
2024-01-02,T,2023,20231231,-0.11593454357901083,0,below_avg,-0.13621933337547312,0,below_avg,4.2236225029459815,1,above_avg,3.693357909013104,1,above_avg,11.918960342034241,1,above_avg
2024-12-31,T,2024,20241231,0.2634980601995679,1,above_avg,-2.591129984546408,0,poor,5.53886879295153,1,excellent,25.774938570557314,1,excellent,,0,
2025-04-24,T,2025,20251231,,0,,,0,,,0,,,0,,,0,
